"(-30, 28)",2.58
"(-30, 29)",4.82
"(-30, 30)",5.66
"(-30, 31)",6.69
"(-30, 32)",9.4
"(-30, 33)",10.77
"(-30, 34)",12.79
"(-30, 35)",12.31
"(-30, 36)",11.64
"(-30, 37)",12.14
"(-30, 38)",13.3
"(-30, 39)",14.65
"(-30, 40)",15.07
"(-30, 41)",15.37
"(-30, 42)",14.8
"(-30, 43)",14.01
"(-30, 44)",12.5
"(-30, 45)",12.07
"(-30, 46)",12.37
"(-30, 47)",10.84
"(-30, 48)",10.59
"(-30, 49)",8.35
"(-30, 50)",14.38
"(-30, 51)",17.95
"(-30, 52)",19.85
"(-30, 53)",18.39
"(-30, 54)",16.15
"(-30, 55)",14.79
"(-30, 56)",12.83
"(-30, 57)",11.71
"(-30, 58)",10.34
"(-30, 59)",8.3
"(-30, 60)",6.5
"(-30, 61)",5.27
"(-30, 62)",1.44
"(-30, 63)",3.44
"(-30, 64)",6.8
"(-30, 65)",5.68
"(-30, 66)",6.4
"(-30, 67)",3
"(-30, 68)",0.8
"(-30, 69)",2.21
"(-30, 70)",4.58
"(-30, 71)",5.59
"(-30, 72)",4.54
"(-29, 28)",2.8
"(-29, 29)",3.6
"(-29, 30)",4.92
"(-29, 31)",6.75
"(-29, 32)",9.25
"(-29, 33)",9.91
"(-29, 34)",10.95
"(-29, 35)",13.59
"(-29, 36)",14.95
"(-29, 37)",12.17
"(-29, 38)",12.36
"(-29, 39)",13.19
"(-29, 40)",14.16
"(-29, 41)",14.47
"(-29, 42)",15.04
"(-29, 43)",13.25
"(-29, 44)",12.13
"(-29, 45)",11.15
"(-29, 46)",11.04
"(-29, 47)",11.27
"(-29, 48)",12.89
"(-29, 49)",17.37
"(-29, 50)",16.11
"(-29, 51)",19
"(-29, 52)",19.24
"(-29, 53)",17.53
"(-29, 54)",15.06
"(-29, 55)",13.36
"(-29, 56)",12.05
"(-29, 57)",10.83
"(-29, 58)",9.25
"(-29, 59)",7.39
"(-29, 60)",5.76
"(-29, 61)",3.49
"(-29, 62)",2.31
"(-29, 63)",2.19
"(-29, 64)",3.69
"(-29, 65)",5.6
"(-29, 66)",7.88
"(-29, 67)",3.63
"(-29, 68)",1.11
"(-29, 69)",3.82
"(-29, 70)",4.88
"(-29, 71)",3.63
"(-29, 72)",3.8
"(-28, 28)",3.05
"(-28, 29)",3.38
"(-28, 30)",4.34
"(-28, 31)",5.12
"(-28, 32)",7.92
"(-28, 33)",9.81
"(-28, 34)",10.37
"(-28, 35)",12.49
"(-28, 36)",14.25
"(-28, 37)",15.69
"(-28, 38)",12.34
"(-28, 39)",11.83
"(-28, 40)",11.2
"(-28, 41)",12.17
"(-28, 42)",13.68
"(-28, 43)",12.98
"(-28, 44)",13.14
"(-28, 45)",15.49
"(-28, 46)",13.29
"(-28, 47)",14.51
"(-28, 48)",16.05
"(-28, 49)",16.77
"(-28, 50)",17.24
"(-28, 51)",19.44
"(-28, 52)",18.91
"(-28, 53)",16.47
"(-28, 54)",13.93
"(-28, 55)",11.64
"(-28, 56)",11.07
"(-28, 57)",10.58
"(-28, 58)",9.11
"(-28, 59)",6.64
"(-28, 60)",6.15
"(-28, 61)",3.75
"(-28, 62)",2.53
"(-28, 63)",0.92
"(-28, 64)",3.47
"(-28, 65)",4.06
"(-28, 66)",8.63
"(-28, 67)",3.84
"(-28, 68)",1.74
"(-28, 69)",3.66
"(-28, 70)",3.16
"(-28, 71)",2.95
"(-28, 72)",3.67
"(-27, 28)",3.17
"(-27, 29)",2.83
"(-27, 30)",3.52
"(-27, 31)",4.61
"(-27, 32)",6.06
"(-27, 33)",8.7
"(-27, 34)",10.16
"(-27, 35)",11.68
"(-27, 36)",12.62
"(-27, 37)",13.95
"(-27, 38)",15.7
"(-27, 39)",15.86
"(-27, 40)",10.09
"(-27, 41)",12.84
"(-27, 42)",15.49
"(-27, 43)",12.4
"(-27, 44)",6.25
"(-27, 45)",15.99
"(-27, 46)",15.2
"(-27, 47)",14.46
"(-27, 48)",15.7
"(-27, 49)",16.96
"(-27, 50)",18.71
"(-27, 51)",18.77
"(-27, 52)",17.85
"(-27, 53)",15.31
"(-27, 54)",12.51
"(-27, 55)",10.4
"(-27, 56)",10.51
"(-27, 57)",10.18
"(-27, 58)",8.2
"(-27, 59)",7.35
"(-27, 60)",5.87
"(-27, 61)",5.93
"(-27, 62)",4.36
"(-27, 63)",3.61
"(-27, 64)",4.91
"(-27, 65)",6.34
"(-27, 66)",8.19
"(-27, 67)",4.16
"(-27, 68)",2.13
"(-27, 69)",4.31
"(-27, 70)",4.57
"(-27, 71)",1.76
"(-27, 72)",2.05
"(-26, 28)",2.32
"(-26, 29)",1.89
"(-26, 30)",1.45
"(-26, 31)",3.01
"(-26, 32)",4.52
"(-26, 33)",6.62
"(-26, 34)",8.85
"(-26, 35)",10.82
"(-26, 36)",11.99
"(-26, 37)",13.18
"(-26, 38)",15.02
"(-26, 39)",15.42
"(-26, 40)",16.41
"(-26, 41)",17.18
"(-26, 42)",17.47
"(-26, 43)",16.82
"(-26, 44)",16.28
"(-26, 45)",16.56
"(-26, 46)",15.77
"(-26, 47)",15.89
"(-26, 48)",16
"(-26, 49)",16.98
"(-26, 50)",17.64
"(-26, 51)",17.98
"(-26, 52)",16.52
"(-26, 53)",13.7
"(-26, 54)",10.56
"(-26, 55)",9
"(-26, 56)",11.06
"(-26, 57)",9.23
"(-26, 58)",6.65
"(-26, 59)",7.08
"(-26, 60)",6.78
"(-26, 61)",5.95
"(-26, 62)",5.2
"(-26, 63)",6.44
"(-26, 64)",7.91
"(-26, 65)",7.78
"(-26, 66)",8.37
"(-26, 67)",6.88
"(-26, 68)",2.89
"(-26, 69)",4.02
"(-26, 70)",2.53
"(-26, 71)",4.46
"(-26, 72)",2.8
"(-25, 28)",2.93
"(-25, 29)",2.18
"(-25, 30)",0.72
"(-25, 31)",1.46
"(-25, 32)",2.8
"(-25, 33)",4.14
"(-25, 34)",7.15
"(-25, 35)",9.49
"(-25, 36)",11.15
"(-25, 37)",11.32
"(-25, 38)",13.31
"(-25, 39)",14.17
"(-25, 40)",15.21
"(-25, 41)",16.66
"(-25, 42)",17.59
"(-25, 43)",16.65
"(-25, 44)",15.89
"(-25, 45)",16.41
"(-25, 46)",16.63
"(-25, 47)",16.7
"(-25, 48)",17.22
"(-25, 49)",17.73
"(-25, 50)",16.87
"(-25, 51)",17.53
"(-25, 52)",15.06
"(-25, 53)",12.47
"(-25, 54)",8.74
"(-25, 55)",8.75
"(-25, 56)",9.3
"(-25, 57)",7.85
"(-25, 58)",3.97
"(-25, 59)",9.57
"(-25, 60)",7.97
"(-25, 61)",6.91
"(-25, 62)",6.92
"(-25, 63)",9.12
"(-25, 64)",11.47
"(-25, 65)",8.94
"(-25, 66)",7.93
"(-25, 67)",7.26
"(-25, 68)",3.44
"(-25, 69)",1.84
"(-25, 70)",2.37
"(-25, 71)",1.22
"(-25, 72)",1.8
"(-24, 28)",3.99
"(-24, 29)",2.58
"(-24, 30)",2.52
"(-24, 31)",1.17
"(-24, 32)",3.05
"(-24, 33)",3.31
"(-24, 34)",5.25
"(-24, 35)",7.51
"(-24, 36)",9.86
"(-24, 37)",11.27
"(-24, 38)",12.4
"(-24, 39)",13.6
"(-24, 40)",14.46
"(-24, 41)",15.24
"(-24, 42)",15.88
"(-24, 43)",15.65
"(-24, 44)",15.67
"(-24, 45)",16.53
"(-24, 46)",16.06
"(-24, 47)",16.89
"(-24, 48)",17.1
"(-24, 49)",16.9
"(-24, 50)",15.71
"(-24, 51)",15.17
"(-24, 52)",13.2
"(-24, 53)",10.88
"(-24, 54)",8.24
"(-24, 55)",8.18
"(-24, 56)",8.59
"(-24, 57)",6.56
"(-24, 58)",1.91
"(-24, 59)",6.04
"(-24, 60)",8.64
"(-24, 61)",7.54
"(-24, 62)",8.76
"(-24, 63)",11.87
"(-24, 64)",10.65
"(-24, 65)",7.21
"(-24, 66)",7.59
"(-24, 67)",7.44
"(-24, 68)",4.53
"(-24, 69)",2.56
"(-24, 70)",2.27
"(-24, 71)",2.18
"(-24, 72)",2.83
"(-23, 28)",5.15
"(-23, 29)",4.34
"(-23, 30)",4.43
"(-23, 31)",4.37
"(-23, 32)",4.03
"(-23, 33)",5.1
"(-23, 34)",6.13
"(-23, 35)",7.19
"(-23, 36)",8.58
"(-23, 37)",10.33
"(-23, 38)",11.24
"(-23, 39)",12.23
"(-23, 40)",13.22
"(-23, 41)",14.09
"(-23, 42)",14.74
"(-23, 43)",15.1
"(-23, 44)",15.49
"(-23, 45)",15.66
"(-23, 46)",15.67
"(-23, 47)",16
"(-23, 48)",16.78
"(-23, 49)",16.11
"(-23, 50)",14.73
"(-23, 51)",13.07
"(-23, 52)",11.21
"(-23, 53)",9.93
"(-23, 54)",8.29
"(-23, 55)",7.59
"(-23, 56)",8.67
"(-23, 57)",6.24
"(-23, 58)",2.52
"(-23, 59)",1.99
"(-23, 60)",8.25
"(-23, 61)",8.13
"(-23, 62)",10.96
"(-23, 63)",13.83
"(-23, 64)",7.2
"(-23, 65)",6.75
"(-23, 66)",3.7
"(-23, 67)",7.17
"(-23, 68)",5
"(-23, 69)",3.58
"(-23, 70)",2.81
"(-23, 71)",0.5
"(-23, 72)",2.04
"(-22, 28)",5.53
"(-22, 29)",5.5
"(-22, 30)",5.74
"(-22, 31)",6.22
"(-22, 32)",5.9
"(-22, 33)",5.79
"(-22, 34)",6.6
"(-22, 35)",7.55
"(-22, 36)",7.75
"(-22, 37)",9.06
"(-22, 38)",10.14
"(-22, 39)",10.99
"(-22, 40)",12.01
"(-22, 41)",12.61
"(-22, 42)",13.65
"(-22, 43)",14.13
"(-22, 44)",14.17
"(-22, 45)",14.58
"(-22, 46)",15.5
"(-22, 47)",15.57
"(-22, 48)",15.88
"(-22, 49)",15.08
"(-22, 50)",13.23
"(-22, 51)",12.07
"(-22, 52)",9.85
"(-22, 53)",7.85
"(-22, 54)",6.57
"(-22, 55)",6.6
"(-22, 56)",7.43
"(-22, 57)",5.69
"(-22, 58)",2.2
"(-22, 59)",3.26
"(-22, 60)",8.75
"(-22, 61)",8.4
"(-22, 62)",11.28
"(-22, 63)",12.2
"(-22, 64)",8.75
"(-22, 65)",2.61
"(-22, 66)",5.1
"(-22, 67)",6.98
"(-22, 68)",5.62
"(-22, 69)",5.25
"(-22, 70)",3.39
"(-22, 71)",2.47
"(-22, 72)",0.65
"(-21, 28)",6.28
"(-21, 29)",6.83
"(-21, 30)",7.36
"(-21, 31)",7.65
"(-21, 32)",7.09
"(-21, 33)",6.54
"(-21, 34)",6.74
"(-21, 35)",7.31
"(-21, 36)",7.56
"(-21, 37)",8.47
"(-21, 38)",9.53
"(-21, 39)",10.3
"(-21, 40)",11.27
"(-21, 41)",12.38
"(-21, 42)",13.13
"(-21, 43)",13.24
"(-21, 44)",13.06
"(-21, 45)",13.28
"(-21, 46)",14.71
"(-21, 47)",15.02
"(-21, 48)",14.38
"(-21, 49)",12.8
"(-21, 50)",11.54
"(-21, 51)",10.91
"(-21, 52)",8.64
"(-21, 53)",6.05
"(-21, 54)",5.47
"(-21, 55)",8.1
"(-21, 56)",7.53
"(-21, 57)",5.36
"(-21, 58)",1.86
"(-21, 59)",3.07
"(-21, 60)",8.08
"(-21, 61)",8.85
"(-21, 62)",11.21
"(-21, 63)",11.86
"(-21, 64)",5.39
"(-21, 65)",1.92
"(-21, 66)",9.85
"(-21, 67)",6.49
"(-21, 68)",5.35
"(-21, 69)",5.68
"(-21, 70)",3.28
"(-21, 71)",2.5
"(-21, 72)",1.85
"(-20, 28)",6.39
"(-20, 29)",7.01
"(-20, 30)",8.12
"(-20, 31)",8.99
"(-20, 32)",9.28
"(-20, 33)",8.11
"(-20, 34)",6.54
"(-20, 35)",7.01
"(-20, 36)",6.74
"(-20, 37)",6.98
"(-20, 38)",8.87
"(-20, 39)",10.49
"(-20, 40)",11.27
"(-20, 41)",11.56
"(-20, 42)",11.97
"(-20, 43)",12.06
"(-20, 44)",11.78
"(-20, 45)",13.14
"(-20, 46)",13.88
"(-20, 47)",13.41
"(-20, 48)",13.3
"(-20, 49)",10.69
"(-20, 50)",9.49
"(-20, 51)",8.7
"(-20, 52)",6.51
"(-20, 53)",4.47
"(-20, 54)",5.48
"(-20, 55)",8.86
"(-20, 56)",8.17
"(-20, 57)",1.69
"(-20, 58)",2
"(-20, 59)",4.87
"(-20, 60)",9.46
"(-20, 61)",8.49
"(-20, 62)",11.57
"(-20, 63)",12.99
"(-20, 64)",2.56
"(-20, 65)",1.94
"(-20, 66)",5.45
"(-20, 67)",8.65
"(-20, 68)",5.51
"(-20, 69)",5.62
"(-20, 70)",3.38
"(-20, 71)",2.87
"(-20, 72)",1.78
"(-19, 28)",5.56
"(-19, 29)",8.33
"(-19, 30)",7.67
"(-19, 31)",7.49
"(-19, 32)",8.37
"(-19, 33)",8.24
"(-19, 34)",7.28
"(-19, 35)",6.13
"(-19, 36)",6.35
"(-19, 37)",6.51
"(-19, 38)",8.38
"(-19, 39)",10.12
"(-19, 40)",10.11
"(-19, 41)",10.55
"(-19, 42)",11.2
"(-19, 43)",10.85
"(-19, 44)",11.76
"(-19, 45)",12.68
"(-19, 46)",12.36
"(-19, 47)",11.52
"(-19, 48)",11.19
"(-19, 49)",9.1
"(-19, 50)",8.68
"(-19, 51)",6.71
"(-19, 52)",4.56
"(-19, 53)",3.88
"(-19, 54)",6.2
"(-19, 55)",9.7
"(-19, 56)",8.12
"(-19, 57)",6.7
"(-19, 58)",1.41
"(-19, 59)",5.1
"(-19, 60)",6.64
"(-19, 61)",8.54
"(-19, 62)",11.15
"(-19, 63)",13.97
"(-19, 64)",5.6
"(-19, 65)",3.39
"(-19, 66)",1.99
"(-19, 67)",9.94
"(-19, 68)",7.62
"(-19, 69)",5.34
"(-19, 70)",3.61
"(-19, 71)",2.93
"(-19, 72)",2.15
"(-18, 28)",8.67
"(-18, 29)",10.09
"(-18, 30)",8.69
"(-18, 31)",8.17
"(-18, 32)",9.05
"(-18, 33)",7.45
"(-18, 34)",8.45
"(-18, 35)",6.72
"(-18, 36)",5.71
"(-18, 37)",6.48
"(-18, 38)",7.37
"(-18, 39)",8.88
"(-18, 40)",8.52
"(-18, 41)",9.27
"(-18, 42)",9.61
"(-18, 43)",10.36
"(-18, 44)",11.14
"(-18, 45)",11.58
"(-18, 46)",10.8
"(-18, 47)",9.98
"(-18, 48)",9.61
"(-18, 49)",7.51
"(-18, 50)",6.93
"(-18, 51)",4.68
"(-18, 52)",3.31
"(-18, 53)",2.75
"(-18, 54)",7.29
"(-18, 55)",9.42
"(-18, 56)",7.4
"(-18, 57)",6.15
"(-18, 58)",4.82
"(-18, 59)",5.29
"(-18, 60)",7.16
"(-18, 61)",9.03
"(-18, 62)",11.31
"(-18, 63)",11.53
"(-18, 64)",5.3
"(-18, 65)",6.12
"(-18, 66)",2.39
"(-18, 67)",10.14
"(-18, 68)",10.02
"(-18, 69)",5.38
"(-18, 70)",4.21
"(-18, 71)",2.94
"(-18, 72)",2.7
"(-17, 28)",1.02
"(-17, 29)",8.33
"(-17, 30)",7.83
"(-17, 31)",8.18
"(-17, 32)",7.97
"(-17, 33)",10.6
"(-17, 34)",8.63
"(-17, 35)",6.95
"(-17, 36)",7.48
"(-17, 37)",6.21
"(-17, 38)",6.49
"(-17, 39)",7.6
"(-17, 40)",7.74
"(-17, 41)",8
"(-17, 42)",8.99
"(-17, 43)",9.7
"(-17, 44)",10.29
"(-17, 45)",9.84
"(-17, 46)",9.04
"(-17, 47)",8.34
"(-17, 48)",7.15
"(-17, 49)",6.93
"(-17, 50)",4.55
"(-17, 51)",2.7
"(-17, 52)",2.69
"(-17, 53)",2.58
"(-17, 54)",8.34
"(-17, 55)",8.91
"(-17, 56)",6.82
"(-17, 57)",5.96
"(-17, 58)",8
"(-17, 59)",8.49
"(-17, 60)",7.25
"(-17, 61)",10.06
"(-17, 62)",10.41
"(-17, 63)",8.49
"(-17, 64)",1.51
"(-17, 65)",3.37
"(-17, 66)",1.41
"(-17, 67)",2.89
"(-17, 68)",11.14
"(-17, 69)",5.5
"(-17, 70)",4.18
"(-17, 71)",3.13
"(-17, 72)",3.02
"(-16, 28)",9.98
"(-16, 29)",6.66
"(-16, 30)",7.71
"(-16, 31)",7.69
"(-16, 32)",7.14
"(-16, 33)",8.29
"(-16, 34)",8.18
"(-16, 35)",7.23
"(-16, 36)",8.2
"(-16, 37)",6.6
"(-16, 38)",6.15
"(-16, 39)",6.87
"(-16, 40)",7.76
"(-16, 41)",8.27
"(-16, 42)",8.56
"(-16, 43)",8.7
"(-16, 44)",8.29
"(-16, 45)",7.55
"(-16, 46)",7.49
"(-16, 47)",6.61
"(-16, 48)",5.87
"(-16, 49)",4.81
"(-16, 50)",2.36
"(-16, 51)",3.64
"(-16, 52)",1.62
"(-16, 53)",1.18
"(-16, 54)",7.1
"(-16, 55)",8.53
"(-16, 56)",6.35
"(-16, 57)",5.24
"(-16, 58)",5.91
"(-16, 59)",9.06
"(-16, 60)",12.95
"(-16, 61)",14.13
"(-16, 62)",13.6
"(-16, 63)",17.74
"(-16, 64)",14.01
"(-16, 65)",6.61
"(-16, 66)",2.09
"(-16, 67)",3.86
"(-16, 68)",11.76
"(-16, 69)",6.04
"(-16, 70)",4.2
"(-16, 71)",3.3
"(-16, 72)",3.29
"(-15, 28)",7.63
"(-15, 29)",7.88
"(-15, 30)",7.63
"(-15, 31)",8.18
"(-15, 32)",8.19
"(-15, 33)",9.57
"(-15, 34)",10.41
"(-15, 35)",9.42
"(-15, 36)",8.24
"(-15, 37)",7.39
"(-15, 38)",5.91
"(-15, 39)",5.66
"(-15, 40)",6.08
"(-15, 41)",7.42
"(-15, 42)",7.32
"(-15, 43)",7
"(-15, 44)",6.24
"(-15, 45)",5.97
"(-15, 46)",5.71
"(-15, 47)",4.93
"(-15, 48)",4.13
"(-15, 49)",2.32
"(-15, 50)",1.81
"(-15, 51)",4.17
"(-15, 52)",1.56
"(-15, 53)",1.87
"(-15, 54)",8.44
"(-15, 55)",7.93
"(-15, 56)",5.52
"(-15, 57)",4.74
"(-15, 58)",4.45
"(-15, 59)",7.28
"(-15, 60)",10.44
"(-15, 61)",12.45
"(-15, 62)",15.33
"(-15, 63)",15.05
"(-15, 64)",11.12
"(-15, 65)",2.6
"(-15, 66)",1.32
"(-15, 67)",2.79
"(-15, 68)",9.19
"(-15, 69)",6.92
"(-15, 70)",4.48
"(-15, 71)",3.72
"(-15, 72)",3.6
"(-14, 28)",7.5
"(-14, 29)",8.82
"(-14, 30)",8.54
"(-14, 31)",8.85
"(-14, 32)",9
"(-14, 33)",9
"(-14, 34)",7.79
"(-14, 35)",7.05
"(-14, 36)",7.43
"(-14, 37)",7
"(-14, 38)",6.24
"(-14, 39)",5.42
"(-14, 40)",5.14
"(-14, 41)",5.2
"(-14, 42)",5.8
"(-14, 43)",4.96
"(-14, 44)",4.65
"(-14, 45)",4.35
"(-14, 46)",4.12
"(-14, 47)",2.65
"(-14, 48)",1.59
"(-14, 49)",2.1
"(-14, 50)",4.01
"(-14, 51)",4.42
"(-14, 52)",1.03
"(-14, 53)",2.16
"(-14, 54)",9.22
"(-14, 55)",7.14
"(-14, 56)",6.36
"(-14, 57)",4.47
"(-14, 58)",3.2
"(-14, 59)",4.69
"(-14, 60)",7.46
"(-14, 61)",10.26
"(-14, 62)",12.02
"(-14, 63)",11.57
"(-14, 64)",9.05
"(-14, 65)",1.96
"(-14, 66)",5.42
"(-14, 67)",1.03
"(-14, 68)",4.72
"(-14, 69)",6.47
"(-14, 70)",5.07
"(-14, 71)",4.14
"(-14, 72)",4.32
"(-13, 28)",7.01
"(-13, 29)",8.7
"(-13, 30)",10.2
"(-13, 31)",9.78
"(-13, 32)",9.27
"(-13, 33)",8.48
"(-13, 34)",8.53
"(-13, 35)",7.96
"(-13, 36)",6.51
"(-13, 37)",4.1
"(-13, 38)",3.81
"(-13, 39)",4.03
"(-13, 40)",4.32
"(-13, 41)",3.72
"(-13, 42)",3.66
"(-13, 43)",3.15
"(-13, 44)",2.92
"(-13, 45)",2.89
"(-13, 46)",2.36
"(-13, 47)",1.57
"(-13, 48)",1.69
"(-13, 49)",3.38
"(-13, 50)",5.5
"(-13, 51)",2.51
"(-13, 52)",1
"(-13, 53)",3.42
"(-13, 54)",7.39
"(-13, 55)",6.17
"(-13, 56)",6.25
"(-13, 57)",4.33
"(-13, 58)",1.71
"(-13, 59)",1.98
"(-13, 60)",4.6
"(-13, 61)",6.54
"(-13, 62)",8.15
"(-13, 63)",8.7
"(-13, 64)",7.45
"(-13, 65)",2.46
"(-13, 66)",3.58
"(-13, 67)",0.27
"(-13, 68)",4.74
"(-13, 69)",6.11
"(-13, 70)",7.15
"(-13, 71)",4.65
"(-13, 72)",4.46
"(-12, 28)",5.01
"(-12, 29)",7.89
"(-12, 30)",10.3
"(-12, 31)",10.57
"(-12, 32)",10.06
"(-12, 33)",9.47
"(-12, 34)",8.91
"(-12, 35)",7.51
"(-12, 36)",6.18
"(-12, 37)",5.25
"(-12, 38)",4.69
"(-12, 39)",3.94
"(-12, 40)",3.5
"(-12, 41)",1.81
"(-12, 42)",1.92
"(-12, 43)",1.22
"(-12, 44)",1.16
"(-12, 45)",1.11
"(-12, 46)",1.93
"(-12, 47)",2.36
"(-12, 48)",3.69
"(-12, 49)",5.15
"(-12, 50)",6.95
"(-12, 51)",3.01
"(-12, 52)",2.9
"(-12, 53)",6.47
"(-12, 54)",8.18
"(-12, 55)",6.49
"(-12, 56)",5.89
"(-12, 57)",3.91
"(-12, 58)",2.3
"(-12, 59)",1.01
"(-12, 60)",1.18
"(-12, 61)",3.35
"(-12, 62)",5.35
"(-12, 63)",6.59
"(-12, 64)",5.28
"(-12, 65)",2.69
"(-12, 66)",2.67
"(-12, 67)",2.57
"(-12, 68)",4.02
"(-12, 69)",5.91
"(-12, 70)",6.99
"(-12, 71)",5.29
"(-12, 72)",4.62
"(-11, 28)",4.19
"(-11, 29)",3.65
"(-11, 30)",8.03
"(-11, 31)",11.04
"(-11, 32)",10.53
"(-11, 33)",10.1
"(-11, 34)",8.93
"(-11, 35)",7.83
"(-11, 36)",6.99
"(-11, 37)",6.81
"(-11, 38)",6.07
"(-11, 39)",5.07
"(-11, 40)",3.75
"(-11, 41)",2.39
"(-11, 42)",1.96
"(-11, 43)",0.64
"(-11, 44)",0.93
"(-11, 45)",2.14
"(-11, 46)",3.27
"(-11, 47)",4.69
"(-11, 48)",5.27
"(-11, 49)",7.13
"(-11, 50)",5.91
"(-11, 51)",3.8
"(-11, 52)",3.34
"(-11, 53)",4.7
"(-11, 54)",9.3
"(-11, 55)",7.66
"(-11, 56)",5.79
"(-11, 57)",4.41
"(-11, 58)",3.25
"(-11, 59)",2.63
"(-11, 60)",1.29
"(-11, 61)",1.09
"(-11, 62)",3.4
"(-11, 63)",3.66
"(-11, 64)",3.53
"(-11, 65)",2.66
"(-11, 66)",0.41
"(-11, 67)",3.99
"(-11, 68)",4.86
"(-11, 69)",5.71
"(-11, 70)",6.82
"(-11, 71)",6.75
"(-11, 72)",5.23
"(-10, 28)",2.65
"(-10, 29)",2.78
"(-10, 30)",1.01
"(-10, 31)",9.22
"(-10, 32)",11.62
"(-10, 33)",9.96
"(-10, 34)",9.22
"(-10, 35)",8.23
"(-10, 36)",8.07
"(-10, 37)",8.36
"(-10, 38)",8.47
"(-10, 39)",7.23
"(-10, 40)",6.42
"(-10, 41)",5.03
"(-10, 42)",3.78
"(-10, 43)",2.19
"(-10, 44)",2.11
"(-10, 45)",3.64
"(-10, 46)",5.77
"(-10, 47)",5.69
"(-10, 48)",6.77
"(-10, 49)",6.8
"(-10, 50)",4.63
"(-10, 51)",5.2
"(-10, 52)",1.58
"(-10, 53)",5.88
"(-10, 54)",5.79
"(-10, 55)",6.79
"(-10, 56)",6.33
"(-10, 57)",5.45
"(-10, 58)",4.4
"(-10, 59)",3.86
"(-10, 60)",2.68
"(-10, 61)",1.38
"(-10, 62)",0.1
"(-10, 63)",1.29
"(-10, 64)",1.67
"(-10, 65)",1.16
"(-10, 66)",0.85
"(-10, 67)",3.69
"(-10, 68)",5.61
"(-10, 69)",6.01
"(-10, 70)",6.61
"(-10, 71)",5.99
"(-10, 72)",6.03
"(-9, 28)",3.56
"(-9, 29)",1.4
"(-9, 30)",0.9
"(-9, 31)",4.49
"(-9, 32)",5.53
"(-9, 33)",9.03
"(-9, 34)",8.45
"(-9, 35)",7.58
"(-9, 36)",9.03
"(-9, 37)",8.9
"(-9, 38)",6.89
"(-9, 39)",3.41
"(-9, 40)",8.14
"(-9, 41)",8.13
"(-9, 42)",5.92
"(-9, 43)",0.8
"(-9, 44)",3.38
"(-9, 45)",5.49
"(-9, 46)",6.67
"(-9, 47)",7.7
"(-9, 48)",8.15
"(-9, 49)",6.85
"(-9, 50)",5.61
"(-9, 51)",7.46
"(-9, 52)",1.44
"(-9, 53)",2.14
"(-9, 54)",2.2
"(-9, 55)",8.23
"(-9, 56)",7.34
"(-9, 57)",6.58
"(-9, 58)",5.25
"(-9, 59)",4.47
"(-9, 60)",3.72
"(-9, 61)",2.94
"(-9, 62)",1.39
"(-9, 63)",0.98
"(-9, 64)",1.13
"(-9, 65)",1.33
"(-9, 66)",2.59
"(-9, 67)",4.15
"(-9, 68)",6.02
"(-9, 69)",6.45
"(-9, 70)",7.05
"(-9, 71)",6.05
"(-9, 72)",8.12
"(-8, 28)",3.34
"(-8, 29)",1.6
"(-8, 30)",2.27
"(-8, 31)",3.97
"(-8, 32)",7.08
"(-8, 33)",5.78
"(-8, 34)",6.68
"(-8, 35)",7.16
"(-8, 36)",7.17
"(-8, 37)",3.09
"(-8, 38)",3.6
"(-8, 39)",2.53
"(-8, 40)",1.85
"(-8, 41)",1.14
"(-8, 42)",0.07
"(-8, 43)",0.99
"(-8, 44)",4.32
"(-8, 45)",6.75
"(-8, 46)",8.02
"(-8, 47)",8.85
"(-8, 48)",8.86
"(-8, 49)",7.52
"(-8, 50)",6.32
"(-8, 51)",2.77
"(-8, 52)",1.88
"(-8, 53)",2.2
"(-8, 54)",1.6
"(-8, 55)",1.53
"(-8, 56)",8.39
"(-8, 57)",7.44
"(-8, 58)",5.97
"(-8, 59)",5.95
"(-8, 60)",4.72
"(-8, 61)",4.12
"(-8, 62)",2.79
"(-8, 63)",2.76
"(-8, 64)",2.78
"(-8, 65)",1.82
"(-8, 66)",3.65
"(-8, 67)",4.73
"(-8, 68)",7.27
"(-8, 69)",6.78
"(-8, 70)",4.67
"(-8, 71)",4.2
"(-8, 72)",8.7
"(-7, 28)",4.35
"(-7, 29)",3.35
"(-7, 30)",2.55
"(-7, 31)",1.03
"(-7, 32)",3.53
"(-7, 33)",4.6
"(-7, 34)",0.89
"(-7, 35)",6.41
"(-7, 36)",7.11
"(-7, 37)",7.32
"(-7, 38)",2.18
"(-7, 39)",3.09
"(-7, 40)",2.67
"(-7, 41)",1.34
"(-7, 42)",2.83
"(-7, 43)",0.75
"(-7, 44)",6.87
"(-7, 45)",8.48
"(-7, 46)",9.3
"(-7, 47)",10.17
"(-7, 48)",8.2
"(-7, 49)",5.96
"(-7, 50)",4.62
"(-7, 51)",2.37
"(-7, 52)",2.16
"(-7, 53)",2.12
"(-7, 54)",2.94
"(-7, 55)",5.66
"(-7, 56)",10.01
"(-7, 57)",7.36
"(-7, 58)",2.4
"(-7, 59)",6.22
"(-7, 60)",6.28
"(-7, 61)",5.79
"(-7, 62)",6.69
"(-7, 63)",4.97
"(-7, 64)",3.73
"(-7, 65)",3.58
"(-7, 66)",5.19
"(-7, 67)",4.92
"(-7, 68)",8.65
"(-7, 69)",7.16
"(-7, 70)",7.69
"(-7, 71)",8.25
"(-7, 72)",8.72
"(-6, 28)",4.26
"(-6, 29)",4.18
"(-6, 30)",2.77
"(-6, 31)",1.79
"(-6, 32)",2.47
"(-6, 33)",3.79
"(-6, 34)",1.95
"(-6, 35)",2.78
"(-6, 36)",6.68
"(-6, 37)",2.28
"(-6, 38)",2.75
"(-6, 39)",1.81
"(-6, 40)",3.3
"(-6, 41)",2.87
"(-6, 42)",2.05
"(-6, 43)",2.45
"(-6, 44)",8.54
"(-6, 45)",9.59
"(-6, 46)",10.94
"(-6, 47)",9.94
"(-6, 48)",8.71
"(-6, 49)",7.88
"(-6, 50)",6.72
"(-6, 51)",6.25
"(-6, 52)",7.91
"(-6, 53)",4.43
"(-6, 54)",2.96
"(-6, 55)",3.75
"(-6, 56)",5.22
"(-6, 57)",6.87
"(-6, 58)",7.67
"(-6, 59)",7.3
"(-6, 60)",7.8
"(-6, 61)",7.45
"(-6, 62)",7.47
"(-6, 63)",7.32
"(-6, 64)",5.94
"(-6, 65)",6.33
"(-6, 66)",6.63
"(-6, 67)",6.45
"(-6, 68)",7.91
"(-6, 69)",7.12
"(-6, 70)",8.44
"(-6, 71)",6.8
"(-6, 72)",9.01
"(-5, 28)",4.9
"(-5, 29)",3.59
"(-5, 30)",3.99
"(-5, 31)",3.67
"(-5, 32)",2.25
"(-5, 33)",3.19
"(-5, 34)",2.57
"(-5, 35)",1.58
"(-5, 36)",7.32
"(-5, 37)",1.4
"(-5, 38)",2.85
"(-5, 39)",1.66
"(-5, 40)",1.44
"(-5, 41)",4.51
"(-5, 42)",6.81
"(-5, 43)",3.53
"(-5, 44)",11.09
"(-5, 45)",11.7
"(-5, 46)",11.62
"(-5, 47)",11.28
"(-5, 48)",10.14
"(-5, 49)",8.28
"(-5, 50)",5.01
"(-5, 51)",8.58
"(-5, 52)",6.82
"(-5, 53)",7.18
"(-5, 54)",5.67
"(-5, 55)",4.19
"(-5, 56)",1.45
"(-5, 57)",1.56
"(-5, 58)",0.3
"(-5, 59)",8.39
"(-5, 60)",9.44
"(-5, 61)",9.3
"(-5, 62)",9.48
"(-5, 63)",8.92
"(-5, 64)",8.46
"(-5, 65)",8.3
"(-5, 66)",8.24
"(-5, 67)",8.2
"(-5, 68)",8.53
"(-5, 69)",7.84
"(-5, 70)",8.45
"(-5, 71)",8.16
"(-5, 72)",9.39
"(-4, 28)",4.73
"(-4, 29)",2.56
"(-4, 30)",3.24
"(-4, 31)",3.05
"(-4, 32)",2.75
"(-4, 33)",5.02
"(-4, 34)",3.36
"(-4, 35)",1.8
"(-4, 36)",7.37
"(-4, 37)",2.52
"(-4, 38)",2.2
"(-4, 39)",2.54
"(-4, 40)",8.59
"(-4, 41)",1.69
"(-4, 42)",2.22
"(-4, 43)",2.6
"(-4, 44)",13.5
"(-4, 45)",13.3
"(-4, 46)",13.2
"(-4, 47)",11.59
"(-4, 48)",5.14
"(-4, 49)",7.53
"(-4, 50)",5.32
"(-4, 51)",1.43
"(-4, 52)",1.06
"(-4, 53)",2.52
"(-4, 54)",4.8
"(-4, 55)",1.96
"(-4, 56)",2.55
"(-4, 57)",2.33
"(-4, 58)",3.6
"(-4, 59)",9.46
"(-4, 60)",10.2
"(-4, 61)",11.14
"(-4, 62)",11.28
"(-4, 63)",10.77
"(-4, 64)",10.04
"(-4, 65)",9.83
"(-4, 66)",9.83
"(-4, 67)",8.78
"(-4, 68)",9.71
"(-4, 69)",8.44
"(-4, 70)",8.01
"(-4, 71)",8.93
"(-4, 72)",9.42
"(-3, 28)",4.18
"(-3, 29)",3.34
"(-3, 30)",3.42
"(-3, 31)",4.21
"(-3, 32)",3.29
"(-3, 33)",5.68
"(-3, 34)",1.78
"(-3, 35)",2.06
"(-3, 36)",9.37
"(-3, 37)",4.66
"(-3, 38)",0.64
"(-3, 39)",4.74
"(-3, 40)",4.4
"(-3, 41)",1.6
"(-3, 42)",2.31
"(-3, 43)",4.16
"(-3, 44)",14.72
"(-3, 45)",14.24
"(-3, 46)",11.51
"(-3, 47)",10.18
"(-3, 48)",3.13
"(-3, 49)",6.45
"(-3, 50)",6.81
"(-3, 51)",1.71
"(-3, 52)",2.34
"(-3, 53)",2.36
"(-3, 54)",3.04
"(-3, 55)",2.32
"(-3, 56)",1.57
"(-3, 57)",3.48
"(-3, 58)",9.48
"(-3, 59)",8.23
"(-3, 60)",12.12
"(-3, 61)",12.09
"(-3, 62)",12.36
"(-3, 63)",12.52
"(-3, 64)",11.86
"(-3, 65)",11.52
"(-3, 66)",10.93
"(-3, 67)",10.2
"(-3, 68)",10.06
"(-3, 69)",9.05
"(-3, 70)",8.09
"(-3, 71)",9.54
"(-3, 72)",9.28
"(-2, 28)",4.47
"(-2, 29)",3.52
"(-2, 30)",1.8
"(-2, 31)",4.09
"(-2, 32)",1.48
"(-2, 33)",5.85
"(-2, 34)",4.67
"(-2, 35)",1.24
"(-2, 36)",6.29
"(-2, 37)",1.46
"(-2, 38)",6.14
"(-2, 39)",3.6
"(-2, 40)",7.89
"(-2, 41)",2.68
"(-2, 42)",5.06
"(-2, 43)",5.92
"(-2, 44)",15.15
"(-2, 45)",13.6
"(-2, 46)",11.29
"(-2, 47)",5.25
"(-2, 48)",3.48
"(-2, 49)",6.4
"(-2, 50)",7.97
"(-2, 51)",3.14
"(-2, 52)",2.26
"(-2, 53)",0.45
"(-2, 54)",2.71
"(-2, 55)",2.12
"(-2, 56)",9.75
"(-2, 57)",9.32
"(-2, 58)",10.96
"(-2, 59)",11.55
"(-2, 60)",12.17
"(-2, 61)",13.14
"(-2, 62)",13.86
"(-2, 63)",14.75
"(-2, 64)",13.27
"(-2, 65)",12.6
"(-2, 66)",11.88
"(-2, 67)",11.28
"(-2, 68)",10.29
"(-2, 69)",9.47
"(-2, 70)",8.91
"(-2, 71)",9.87
"(-2, 72)",9.63
"(-1, 28)",4.79
"(-1, 29)",4.3
"(-1, 30)",3.39
"(-1, 31)",3.54
"(-1, 32)",4.36
"(-1, 33)",4.74
"(-1, 34)",5.14
"(-1, 35)",1.76
"(-1, 36)",6.83
"(-1, 37)",2.2
"(-1, 38)",0.45
"(-1, 39)",6.72
"(-1, 40)",8.56
"(-1, 41)",5.71
"(-1, 42)",11.56
"(-1, 43)",5.71
"(-1, 44)",7.38
"(-1, 45)",5.98
"(-1, 46)",7.15
"(-1, 47)",4.77
"(-1, 48)",6.17
"(-1, 49)",4.28
"(-1, 50)",9
"(-1, 51)",4.09
"(-1, 52)",2.24
"(-1, 53)",1.79
"(-1, 54)",3.67
"(-1, 55)",9.79
"(-1, 56)",11.56
"(-1, 57)",11.71
"(-1, 58)",11.69
"(-1, 59)",11.62
"(-1, 60)",12.24
"(-1, 61)",14.3
"(-1, 62)",15.18
"(-1, 63)",15.57
"(-1, 64)",14.74
"(-1, 65)",13.65
"(-1, 66)",12.74
"(-1, 67)",12.06
"(-1, 68)",10.68
"(-1, 69)",9.59
"(-1, 70)",9.54
"(-1, 71)",9.83
"(-1, 72)",9.26
"(0, 28)",4.97
"(0, 29)",4.5
"(0, 30)",3.61
"(0, 31)",4.21
"(0, 32)",5.22
"(0, 33)",3.97
"(0, 34)",5.96
"(0, 35)",1.14
"(0, 36)",3.47
"(0, 37)",5.17
"(0, 38)",5.57
"(0, 39)",8.83
"(0, 40)",7.34
"(0, 41)",11.02
"(0, 42)",12.8
"(0, 43)",9.26
"(0, 44)",8.24
"(0, 45)",4.59
"(0, 46)",4.95
"(0, 47)",6.43
"(0, 48)",3.6
"(0, 49)",5.9
"(0, 50)",10.85
"(0, 51)",4.12
"(0, 52)",3.4
"(0, 53)",7.2
"(0, 54)",10.81
"(0, 55)",10.68
"(0, 56)",11.81
"(0, 57)",11.66
"(0, 58)",12.35
"(0, 59)",12.53
"(0, 60)",14.08
"(0, 61)",14.73
"(0, 62)",14.81
"(0, 63)",15.97
"(0, 64)",16.26
"(0, 65)",15.29
"(0, 66)",13.82
"(0, 67)",12.39
"(0, 68)",11.01
"(0, 69)",9.45
"(0, 70)",9.75
"(0, 71)",9.74
"(0, 72)",9.57
"(1, 28)",4.1
"(1, 29)",5.3
"(1, 30)",4.23
"(1, 31)",4.05
"(1, 32)",5.08
"(1, 33)",1.58
"(1, 34)",4.56
"(1, 35)",2.34
"(1, 36)",2.23
"(1, 37)",6.54
"(1, 38)",4.65
"(1, 39)",2.4
"(1, 40)",11.37
"(1, 41)",11.66
"(1, 42)",3.4
"(1, 43)",4.9
"(1, 44)",11.52
"(1, 45)",4.66
"(1, 46)",2.93
"(1, 47)",5.17
"(1, 48)",6.1
"(1, 49)",3.6
"(1, 50)",11.31
"(1, 51)",4.12
"(1, 52)",3.09
"(1, 53)",7.64
"(1, 54)",11.23
"(1, 55)",11.51
"(1, 56)",11.56
"(1, 57)",12.39
"(1, 58)",13.08
"(1, 59)",12.97
"(1, 60)",14.39
"(1, 61)",15.09
"(1, 62)",15.18
"(1, 63)",15
"(1, 64)",15.27
"(1, 65)",15.1
"(1, 66)",13.6
"(1, 67)",12.39
"(1, 68)",11.46
"(1, 69)",9.74
"(1, 70)",9.95
"(1, 71)",9.84
"(1, 72)",9.2
"(2, 28)",4.82
"(2, 29)",5.43
"(2, 30)",4.53
"(2, 31)",4.07
"(2, 32)",5.04
"(2, 33)",2.72
"(2, 34)",5.05
"(2, 35)",4
"(2, 36)",1.52
"(2, 37)",6.94
"(2, 38)",7.36
"(2, 39)",2.55
"(2, 40)",6.92
"(2, 41)",14.52
"(2, 42)",1.79
"(2, 43)",7.15
"(2, 44)",10.2
"(2, 45)",3.81
"(2, 46)",3.79
"(2, 47)",4.7
"(2, 48)",6.17
"(2, 49)",5.14
"(2, 50)",6.21
"(2, 51)",9.45
"(2, 52)",9.91
"(2, 53)",9.45
"(2, 54)",10.72
"(2, 55)",11.78
"(2, 56)",11.53
"(2, 57)",12.43
"(2, 58)",12.62
"(2, 59)",13.33
"(2, 60)",12.83
"(2, 61)",12.35
"(2, 62)",15.81
"(2, 63)",16.7
"(2, 64)",17.03
"(2, 65)",14.89
"(2, 66)",13.73
"(2, 67)",12.07
"(2, 68)",11.18
"(2, 69)",9.91
"(2, 70)",9.99
"(2, 71)",9.72
"(2, 72)",8.36
"(3, 28)",5.06
"(3, 29)",4.25
"(3, 30)",3.81
"(3, 31)",4.64
"(3, 32)",4.56
"(3, 33)",4.7
"(3, 34)",8.48
"(3, 35)",5.72
"(3, 36)",1.95
"(3, 37)",5.95
"(3, 38)",6.19
"(3, 39)",4.59
"(3, 40)",5.39
"(3, 41)",8.17
"(3, 42)",0.3
"(3, 43)",14.55
"(3, 44)",10.75
"(3, 45)",6.7
"(3, 46)",9.31
"(3, 47)",2.8
"(3, 48)",4.02
"(3, 49)",0.45
"(3, 50)",7.45
"(3, 51)",5.36
"(3, 52)",13.38
"(3, 53)",8.68
"(3, 54)",9.99
"(3, 55)",10.44
"(3, 56)",12.27
"(3, 57)",9.77
"(3, 58)",11.63
"(3, 59)",12.51
"(3, 60)",13.64
"(3, 61)",12.62
"(3, 62)",15.53
"(3, 63)",16.16
"(3, 64)",15.71
"(3, 65)",16.63
"(3, 66)",13.47
"(3, 67)",11.7
"(3, 68)",9.92
"(3, 69)",9.64
"(3, 70)",9.65
"(3, 71)",9.88
"(3, 72)",8.25
"(4, 28)",3.7
"(4, 29)",3.61
"(4, 30)",2.49
"(4, 31)",3.74
"(4, 32)",5.91
"(4, 33)",5.42
"(4, 34)",4.27
"(4, 35)",3.16
"(4, 36)",3.87
"(4, 37)",5.45
"(4, 38)",5.99
"(4, 39)",3.95
"(4, 40)",2.9
"(4, 41)",4.71
"(4, 42)",4.67
"(4, 43)",21.65
"(4, 44)",11.12
"(4, 45)",6.33
"(4, 46)",7.16
"(4, 47)",1.24
"(4, 48)",2.75
"(4, 49)",7.32
"(4, 50)",6.14
"(4, 51)",5.94
"(4, 52)",10.49
"(4, 53)",8.98
"(4, 54)",9.2
"(4, 55)",10.4
"(4, 56)",11.83
"(4, 57)",11.82
"(4, 58)",12.29
"(4, 59)",10.91
"(4, 60)",12.43
"(4, 61)",11.29
"(4, 62)",11.51
"(4, 63)",14.45
"(4, 64)",13.85
"(4, 65)",13.03
"(4, 66)",14.81
"(4, 67)",12.24
"(4, 68)",9.54
"(4, 69)",8.57
"(4, 70)",9.98
"(4, 71)",9.23
"(4, 72)",8.15
"(5, 28)",4.47
"(5, 29)",2.51
"(5, 30)",3.27
"(5, 31)",2.66
"(5, 32)",6.09
"(5, 33)",6.69
"(5, 34)",4.73
"(5, 35)",4.97
"(5, 36)",2.38
"(5, 37)",5.33
"(5, 38)",6.08
"(5, 39)",5.58
"(5, 40)",6.22
"(5, 41)",3.67
"(5, 42)",17.51
"(5, 43)",15.68
"(5, 44)",4.63
"(5, 45)",2.2
"(5, 46)",2.42
"(5, 47)",5.63
"(5, 48)",3.14
"(5, 49)",4.89
"(5, 50)",4.36
"(5, 51)",6.17
"(5, 52)",0.89
"(5, 53)",5.66
"(5, 54)",8.85
"(5, 55)",10.19
"(5, 56)",11.74
"(5, 57)",12.49
"(5, 58)",12.16
"(5, 59)",12.58
"(5, 60)",10.66
"(5, 61)",7.63
"(5, 62)",10.17
"(5, 63)",13.28
"(5, 64)",13.29
"(5, 65)",13.93
"(5, 66)",14.74
"(5, 67)",12.84
"(5, 68)",10.16
"(5, 69)",8.29
"(5, 70)",7.3
"(5, 71)",8.49
"(5, 72)",8.97
"(6, 28)",4.84
"(6, 29)",3.74
"(6, 30)",2.9
"(6, 31)",3.48
"(6, 32)",5.84
"(6, 33)",6.8
"(6, 34)",4.98
"(6, 35)",1.86
"(6, 36)",1.5
"(6, 37)",4.57
"(6, 38)",6.09
"(6, 39)",7.07
"(6, 40)",7.85
"(6, 41)",7.35
"(6, 42)",15.37
"(6, 43)",5.66
"(6, 44)",1.41
"(6, 45)",1.4
"(6, 46)",1.03
"(6, 47)",2.02
"(6, 48)",2.12
"(6, 49)",4.63
"(6, 50)",5.84
"(6, 51)",6.17
"(6, 52)",4.63
"(6, 53)",5.16
"(6, 54)",10.29
"(6, 55)",10.83
"(6, 56)",10.94
"(6, 57)",11.56
"(6, 58)",11.77
"(6, 59)",10.58
"(6, 60)",3.1
"(6, 61)",0.88
"(6, 62)",1.03
"(6, 63)",13.75
"(6, 64)",9.54
"(6, 65)",13.98
"(6, 66)",13.05
"(6, 67)",13.15
"(6, 68)",11.12
"(6, 69)",8.32
"(6, 70)",7.43
"(6, 71)",9.4
"(6, 72)",4.68
"(7, 28)",5.01
"(7, 29)",2.5
"(7, 30)",2.78
"(7, 31)",2.89
"(7, 32)",4.84
"(7, 33)",5.81
"(7, 34)",4.51
"(7, 35)",1.24
"(7, 36)",2.09
"(7, 37)",3.53
"(7, 38)",5.88
"(7, 39)",9
"(7, 40)",8.38
"(7, 41)",8.99
"(7, 42)",13.71
"(7, 43)",15.65
"(7, 44)",3.48
"(7, 45)",4.07
"(7, 46)",1.06
"(7, 47)",3.09
"(7, 48)",3.26
"(7, 49)",5.71
"(7, 50)",4.63
"(7, 51)",4.12
"(7, 52)",3.13
"(7, 53)",1.79
"(7, 54)",10.79
"(7, 55)",10.94
"(7, 56)",12.25
"(7, 57)",11.49
"(7, 58)",0.89
"(7, 59)",2.23
"(7, 60)",1.49
"(7, 61)",2.57
"(7, 62)",2.35
"(7, 63)",6.79
"(7, 64)",7.74
"(7, 65)",12.65
"(7, 66)",12.81
"(7, 67)",12.02
"(7, 68)",10.95
"(7, 69)",8.66
"(7, 70)",6.4
"(7, 71)",5.13
"(7, 72)",6.99
"(8, 28)",4.64
"(8, 29)",3.13
"(8, 30)",1.23
"(8, 31)",2.48
"(8, 32)",3.33
"(8, 33)",5.44
"(8, 34)",6.17
"(8, 35)",3.72
"(8, 36)",2.34
"(8, 37)",6.07
"(8, 38)",9.54
"(8, 39)",9.17
"(8, 40)",9.01
"(8, 41)",10.33
"(8, 42)",15.14
"(8, 43)",17.88
"(8, 44)",2.37
"(8, 45)",1.86
"(8, 46)",6.04
"(8, 47)",2.48
"(8, 48)",3.13
"(8, 49)",4.02
"(8, 50)",3.28
"(8, 51)",1.79
"(8, 52)",6.75
"(8, 53)",6.49
"(8, 54)",11.94
"(8, 55)",10.53
"(8, 56)",11.01
"(8, 57)",7.69
"(8, 58)",6.18
"(8, 59)",2.65
"(8, 60)",2.46
"(8, 61)",1.45
"(8, 62)",2.68
"(8, 63)",4.12
"(8, 64)",5.66
"(8, 65)",9.32
"(8, 66)",6.69
"(8, 67)",9.85
"(8, 68)",10.88
"(8, 69)",9.4
"(8, 70)",7.72
"(8, 71)",5.67
"(8, 72)",6.45
"(9, 28)",3.35
"(9, 29)",3.23
"(9, 30)",2.04
"(9, 31)",1.66
"(9, 32)",2.63
"(9, 33)",4.72
"(9, 34)",4.46
"(9, 35)",4.25
"(9, 36)",0.66
"(9, 37)",4.12
"(9, 38)",10.45
"(9, 39)",2.5
"(9, 40)",2.63
"(9, 41)",7.28
"(9, 42)",1.54
"(9, 43)",19.47
"(9, 44)",1.16
"(9, 45)",2.89
"(9, 46)",0.51
"(9, 47)",1.94
"(9, 48)",4.3
"(9, 49)",5.47
"(9, 50)",3.27
"(9, 51)",3.86
"(9, 52)",2.24
"(9, 53)",6.69
"(9, 54)",6.71
"(9, 55)",5.58
"(9, 56)",2.37
"(9, 57)",2.28
"(9, 58)",1.63
"(9, 59)",0.73
"(9, 60)",1.98
"(9, 61)",2.32
"(9, 62)",2.38
"(9, 63)",2.29
"(9, 64)",3.21
"(9, 65)",7.45
"(9, 66)",10.59
"(9, 67)",10.17
"(9, 68)",11.14
"(9, 69)",9.54
"(9, 70)",7.92
"(9, 71)",6.41
"(9, 72)",7.1
"(10, 28)",2.66
"(10, 29)",3.15
"(10, 30)",1.8
"(10, 31)",1.69
"(10, 32)",3.03
"(10, 33)",4.68
"(10, 34)",6.69
"(10, 35)",4.81
"(10, 36)",1.59
"(10, 37)",4.53
"(10, 38)",9.66
"(10, 39)",8.43
"(10, 40)",9.97
"(10, 41)",14.32
"(10, 42)",3.39
"(10, 43)",20.36
"(10, 44)",4.96
"(10, 45)",1.75
"(10, 46)",1.96
"(10, 47)",1.4
"(10, 48)",8.75
"(10, 49)",4.29
"(10, 50)",3.48
"(10, 51)",2.59
"(10, 52)",5.17
"(10, 53)",3.6
"(10, 54)",2.68
"(10, 55)",6.69
"(10, 56)",1.34
"(10, 57)",1.54
"(10, 58)",4.67
"(10, 59)",4.16
"(10, 60)",0.5
"(10, 61)",1.19
"(10, 62)",2.04
"(10, 63)",2.71
"(10, 64)",3.58
"(10, 65)",6.04
"(10, 66)",7.6
"(10, 67)",9.35
"(10, 68)",10.74
"(10, 69)",9.7
"(10, 70)",8.74
"(10, 71)",7.02
"(10, 72)",7.15
"(11, 28)",3.29
"(11, 29)",2.48
"(11, 30)",2.72
"(11, 31)",2.77
"(11, 32)",3.43
"(11, 33)",4.48
"(11, 34)",7.64
"(11, 35)",4.67
"(11, 36)",2.09
"(11, 37)",1.03
"(11, 38)",7.8
"(11, 39)",11.1
"(11, 40)",9.58
"(11, 41)",14.1
"(11, 42)",4.43
"(11, 43)",5.11
"(11, 44)",3.58
"(11, 45)",3.56
"(11, 46)",6.17
"(11, 47)",3.9
"(11, 48)",5.1
"(11, 49)",5.23
"(11, 50)",2.07
"(11, 51)",2.06
"(11, 52)",3.06
"(11, 53)",3.45
"(11, 54)",3.89
"(11, 55)",9.26
"(11, 56)",8.31
"(11, 57)",8.22
"(11, 58)",6.33
"(11, 59)",5.57
"(11, 60)",1.23
"(11, 61)",1.37
"(11, 62)",0.94
"(11, 63)",3.31
"(11, 64)",1.02
"(11, 65)",3.09
"(11, 66)",3.78
"(11, 67)",7.03
"(11, 68)",8.44
"(11, 69)",9.46
"(11, 70)",9.06
"(11, 71)",7.24
"(11, 72)",6.99
"(12, 28)",0.91
"(12, 29)",2.22
"(12, 30)",1.78
"(12, 31)",1.83
"(12, 32)",2.79
"(12, 33)",0.59
"(12, 34)",7.13
"(12, 35)",7.58
"(12, 36)",0.95
"(12, 37)",4.1
"(12, 38)",5.99
"(12, 39)",10.52
"(12, 40)",8.81
"(12, 41)",9.75
"(12, 42)",6.85
"(12, 43)",4.53
"(12, 44)",7.5
"(12, 45)",4.44
"(12, 46)",3.26
"(12, 47)",2.56
"(12, 48)",2.68
"(12, 49)",0.45
"(12, 50)",2.1
"(12, 51)",1.44
"(12, 52)",2.63
"(12, 53)",4.14
"(12, 54)",3.16
"(12, 55)",5.87
"(12, 56)",4.02
"(12, 57)",8.45
"(12, 58)",1.56
"(12, 59)",1.99
"(12, 60)",1.63
"(12, 61)",1.89
"(12, 62)",0.72
"(12, 63)",2.08
"(12, 64)",2.54
"(12, 65)",2.25
"(12, 66)",4.18
"(12, 67)",8.41
"(12, 68)",8.7
"(12, 69)",9.26
"(12, 70)",9.17
"(12, 71)",8.05
"(12, 72)",7.27
"(13, 28)",4.15
"(13, 29)",3.64
"(13, 30)",3.11
"(13, 31)",4.14
"(13, 32)",0.96
"(13, 33)",3.44
"(13, 34)",7.01
"(13, 35)",4.5
"(13, 36)",2.16
"(13, 37)",2.47
"(13, 38)",4.96
"(13, 39)",11.01
"(13, 40)",10.65
"(13, 41)",6.09
"(13, 42)",5.01
"(13, 43)",8.47
"(13, 44)",9.38
"(13, 45)",12.45
"(13, 46)",5.14
"(13, 47)",2.36
"(13, 48)",4.98
"(13, 49)",0.99
"(13, 50)",2.3
"(13, 51)",1.28
"(13, 52)",0.45
"(13, 53)",3.39
"(13, 54)",3.74
"(13, 55)",10.99
"(13, 56)",5.14
"(13, 57)",3.43
"(13, 58)",2.74
"(13, 59)",5.85
"(13, 60)",1.03
"(13, 61)",1.36
"(13, 62)",1.34
"(13, 63)",0.38
"(13, 64)",2.2
"(13, 65)",2.24
"(13, 66)",4.05
"(13, 67)",6.31
"(13, 68)",5.73
"(13, 69)",8.41
"(13, 70)",9.56
"(13, 71)",8.81
"(13, 72)",7.79
"(14, 28)",4.32
"(14, 29)",3.25
"(14, 30)",2.42
"(14, 31)",4.43
"(14, 32)",2.75
"(14, 33)",5.37
"(14, 34)",5.83
"(14, 35)",4.58
"(14, 36)",4.98
"(14, 37)",3.03
"(14, 38)",3.13
"(14, 39)",6.33
"(14, 40)",7.38
"(14, 41)",1.03
"(14, 42)",3.8
"(14, 43)",2.41
"(14, 44)",7.85
"(14, 45)",5.14
"(14, 46)",1.34
"(14, 47)",1.52
"(14, 48)",3.26
"(14, 49)",2.33
"(14, 50)",2.45
"(14, 51)",1.25
"(14, 52)",2.03
"(14, 53)",3.68
"(14, 54)",3.09
"(14, 55)",10.31
"(14, 56)",5.14
"(14, 57)",4.5
"(14, 58)",2.86
"(14, 59)",6.07
"(14, 60)",1.44
"(14, 61)",1.55
"(14, 62)",1.18
"(14, 63)",1.32
"(14, 64)",1.05
"(14, 65)",2.33
"(14, 66)",3.91
"(14, 67)",3.95
"(14, 68)",4.26
"(14, 69)",7.55
"(14, 70)",8.76
"(14, 71)",8.69
"(14, 72)",8
"(15, 28)",4.3
"(15, 29)",1.92
"(15, 30)",4.3
"(15, 31)",3.84
"(15, 32)",3.21
"(15, 33)",3.51
"(15, 34)",3.98
"(15, 35)",4.74
"(15, 36)",5.24
"(15, 37)",5.31
"(15, 38)",3.27
"(15, 39)",5.28
"(15, 40)",7.83
"(15, 41)",3.77
"(15, 42)",11.91
"(15, 43)",5.66
"(15, 44)",14.18
"(15, 45)",4.68
"(15, 46)",1.9
"(15, 47)",1.54
"(15, 48)",1.5
"(15, 49)",4.03
"(15, 50)",2.35
"(15, 51)",1.34
"(15, 52)",1.58
"(15, 53)",3.08
"(15, 54)",7.16
"(15, 55)",8.23
"(15, 56)",3.26
"(15, 57)",5.14
"(15, 58)",4.23
"(15, 59)",0.89
"(15, 60)",2.51
"(15, 61)",1.98
"(15, 62)",0.73
"(15, 63)",0.74
"(15, 64)",1.44
"(15, 65)",1.16
"(15, 66)",1.38
"(15, 67)",3.94
"(15, 68)",5.48
"(15, 69)",6.16
"(15, 70)",7.72
"(15, 71)",8.63
"(15, 72)",7.73
"(16, 28)",3.91
"(16, 29)",2.61
"(16, 30)",4.37
"(16, 31)",3.8
"(16, 32)",3.15
"(16, 33)",0.63
"(16, 34)",3.06
"(16, 35)",4.66
"(16, 36)",7.06
"(16, 37)",7.65
"(16, 38)",2.63
"(16, 39)",2.5
"(16, 40)",3.04
"(16, 41)",3.82
"(16, 42)",5.03
"(16, 43)",10.38
"(16, 44)",7.28
"(16, 45)",1.63
"(16, 46)",1.17
"(16, 47)",0.59
"(16, 48)",3.95
"(16, 49)",4.11
"(16, 50)",0
"(16, 51)",1.2
"(16, 52)",1.44
"(16, 53)",3.31
"(16, 54)",5.4
"(16, 55)",8.36
"(16, 56)",5.86
"(16, 57)",1.92
"(16, 58)",3.68
"(16, 59)",4.07
"(16, 60)",3.9
"(16, 61)",3.17
"(16, 62)",1.77
"(16, 63)",0.95
"(16, 64)",0.7
"(16, 65)",0.95
"(16, 66)",1.27
"(16, 67)",3.13
"(16, 68)",3.95
"(16, 69)",2.47
"(16, 70)",7.49
"(16, 71)",8.85
"(16, 72)",7.92
"(17, 28)",3.61
"(17, 29)",4.66
"(17, 30)",2.82
"(17, 31)",0.83
"(17, 32)",1.15
"(17, 33)",2.82
"(17, 34)",4.46
"(17, 35)",5.4
"(17, 36)",6.71
"(17, 37)",5.79
"(17, 38)",4.79
"(17, 39)",3.01
"(17, 40)",8.82
"(17, 41)",5.28
"(17, 42)",4.9
"(17, 43)",10.43
"(17, 44)",5.85
"(17, 45)",2.01
"(17, 46)",1.43
"(17, 47)",1.14
"(17, 48)",6.44
"(17, 49)",2.37
"(17, 50)",0.71
"(17, 51)",2.57
"(17, 52)",1.52
"(17, 53)",3.08
"(17, 54)",4.97
"(17, 55)",8.42
"(17, 56)",7.92
"(17, 57)",8.58
"(17, 58)",10.16
"(17, 59)",4.21
"(17, 60)",4.42
"(17, 61)",4.53
"(17, 62)",2.92
"(17, 63)",0.5
"(17, 64)",1.38
"(17, 65)",0.55
"(17, 66)",1.67
"(17, 67)",1.12
"(17, 68)",2.33
"(17, 69)",3.4
"(17, 70)",6.68
"(17, 71)",8.6
"(17, 72)",8.12
"(18, 28)",3.15
"(18, 29)",4.55
"(18, 30)",2.86
"(18, 31)",2.84
"(18, 32)",3.71
"(18, 33)",3.95
"(18, 34)",5.59
"(18, 35)",6.52
"(18, 36)",5.85
"(18, 37)",5.47
"(18, 38)",7.15
"(18, 39)",7.15
"(18, 40)",3.45
"(18, 41)",8.67
"(18, 42)",8.81
"(18, 43)",3.19
"(18, 44)",3.03
"(18, 45)",3.23
"(18, 46)",3.09
"(18, 47)",4.48
"(18, 48)",1.72
"(18, 49)",1.47
"(18, 50)",3.57
"(18, 51)",1.8
"(18, 52)",2.27
"(18, 53)",3.6
"(18, 54)",3.79
"(18, 55)",6.7
"(18, 56)",8.53
"(18, 57)",9.45
"(18, 58)",10.75
"(18, 59)",6.4
"(18, 60)",4.38
"(18, 61)",10.19
"(18, 62)",9.82
"(18, 63)",2.21
"(18, 64)",1.37
"(18, 65)",0.52
"(18, 66)",0.75
"(18, 67)",2.74
"(18, 68)",1.9
"(18, 69)",2.36
"(18, 70)",6.28
"(18, 71)",7.31
"(18, 72)",8.59
"(19, 28)",4.09
"(19, 29)",4.47
"(19, 30)",2.79
"(19, 31)",4.25
"(19, 32)",4.06
"(19, 33)",4.65
"(19, 34)",4.78
"(19, 35)",5.07
"(19, 36)",4.98
"(19, 37)",4.67
"(19, 38)",5.78
"(19, 39)",7.33
"(19, 40)",6.09
"(19, 41)",5.84
"(19, 42)",5.95
"(19, 43)",2.71
"(19, 44)",5.61
"(19, 45)",2.46
"(19, 46)",4.84
"(19, 47)",5.19
"(19, 48)",0.51
"(19, 49)",1.46
"(19, 50)",3.92
"(19, 51)",0.88
"(19, 52)",2.9
"(19, 53)",2.2
"(19, 54)",3.3
"(19, 55)",8.67
"(19, 56)",6.27
"(19, 57)",8.47
"(19, 58)",9.1
"(19, 59)",10.88
"(19, 60)",9.57
"(19, 61)",10.28
"(19, 62)",10.02
"(19, 63)",10.08
"(19, 64)",2.27
"(19, 65)",1.41
"(19, 66)",1.23
"(19, 67)",2.29
"(19, 68)",2.05
"(19, 69)",1.03
"(19, 70)",3.39
"(19, 71)",6.64
"(19, 72)",8.06
"(20, 28)",3.98
"(20, 29)",3.65
"(20, 30)",3.44
"(20, 31)",4.18
"(20, 32)",3.35
"(20, 33)",4.22
"(20, 34)",3.98
"(20, 35)",3.98
"(20, 36)",4.7
"(20, 37)",5.18
"(20, 38)",3.79
"(20, 39)",2.07
"(20, 40)",0.46
"(20, 41)",1.21
"(20, 42)",2.03
"(20, 43)",2.28
"(20, 44)",1.89
"(20, 45)",5.03
"(20, 46)",6.1
"(20, 47)",4.7
"(20, 48)",2.74
"(20, 49)",1.03
"(20, 50)",1.54
"(20, 51)",0.63
"(20, 52)",2.94
"(20, 53)",2.64
"(20, 54)",3.96
"(20, 55)",9.14
"(20, 56)",7.86
"(20, 57)",7.18
"(20, 58)",7.76
"(20, 59)",9.51
"(20, 60)",3.6
"(20, 61)",10.22
"(20, 62)",9.68
"(20, 63)",8.5
"(20, 64)",2.87
"(20, 65)",1.54
"(20, 66)",0.51
"(20, 67)",1.9
"(20, 68)",2.06
"(20, 69)",1.43
"(20, 70)",4.53
"(20, 71)",6.35
"(20, 72)",8.05
"(21, 28)",4.09
"(21, 29)",4.53
"(21, 30)",5.22
"(21, 31)",4.44
"(21, 32)",5.3
"(21, 33)",4.1
"(21, 34)",5.18
"(21, 35)",6.16
"(21, 36)",6.61
"(21, 37)",5.77
"(21, 38)",3.38
"(21, 39)",0.38
"(21, 40)",1.76
"(21, 41)",2.27
"(21, 42)",1.48
"(21, 43)",3
"(21, 44)",2.86
"(21, 45)",5.21
"(21, 46)",5.72
"(21, 47)",5.19
"(21, 48)",2.48
"(21, 49)",1.68
"(21, 50)",2.18
"(21, 51)",1.35
"(21, 52)",2.06
"(21, 53)",2.7
"(21, 54)",2.16
"(21, 55)",8.58
"(21, 56)",3.09
"(21, 57)",4.79
"(21, 58)",6.92
"(21, 59)",7.99
"(21, 60)",9.95
"(21, 61)",8.81
"(21, 62)",8.01
"(21, 63)",6.18
"(21, 64)",5.69
"(21, 65)",2.2
"(21, 66)",1.42
"(21, 67)",2.06
"(21, 68)",2.31
"(21, 69)",1.88
"(21, 70)",3.76
"(21, 71)",6.74
"(21, 72)",7.88
"(22, 28)",4.37
"(22, 29)",5.41
"(22, 30)",5.47
"(22, 31)",5.18
"(22, 32)",4.32
"(22, 33)",8.13
"(22, 34)",7.27
"(22, 35)",7.45
"(22, 36)",8.54
"(22, 37)",5.14
"(22, 38)",1.5
"(22, 39)",3.91
"(22, 40)",1.41
"(22, 41)",1.17
"(22, 42)",1.66
"(22, 43)",2.14
"(22, 44)",0.4
"(22, 45)",1.68
"(22, 46)",2.19
"(22, 47)",3.13
"(22, 48)",3.66
"(22, 49)",1.46
"(22, 50)",3.6
"(22, 51)",2.26
"(22, 52)",2.61
"(22, 53)",2.75
"(22, 54)",2.6
"(22, 55)",4.46
"(22, 56)",4.81
"(22, 57)",2.14
"(22, 58)",2.38
"(22, 59)",9.79
"(22, 60)",8.06
"(22, 61)",4.04
"(22, 62)",3.84
"(22, 63)",3.6
"(22, 64)",4.99
"(22, 65)",3.84
"(22, 66)",1.65
"(22, 67)",1.41
"(22, 68)",2.19
"(22, 69)",2.33
"(22, 70)",1.99
"(22, 71)",6.72
"(22, 72)",7.87
"(23, 28)",2.22
"(23, 29)",5.62
"(23, 30)",4.7
"(23, 31)",3.3
"(23, 32)",4.14
"(23, 33)",7.68
"(23, 34)",9.23
"(23, 35)",8.03
"(23, 36)",9.96
"(23, 37)",2.87
"(23, 38)",0.76
"(23, 39)",2.13
"(23, 40)",4.29
"(23, 41)",1.72
"(23, 42)",0.45
"(23, 43)",1.84
"(23, 44)",1.71
"(23, 45)",1.52
"(23, 46)",1.41
"(23, 47)",2.8
"(23, 48)",2.59
"(23, 49)",2.25
"(23, 50)",2.57
"(23, 51)",2.83
"(23, 52)",2.7
"(23, 53)",3.34
"(23, 54)",3.45
"(23, 55)",5.01
"(23, 56)",5.07
"(23, 57)",2.27
"(23, 58)",1.92
"(23, 59)",7.74
"(23, 60)",5.83
"(23, 61)",4.11
"(23, 62)",3.91
"(23, 63)",3.31
"(23, 64)",6.26
"(23, 65)",4.02
"(23, 66)",1.77
"(23, 67)",1.26
"(23, 68)",1.84
"(23, 69)",1.33
"(23, 70)",2.57
"(23, 71)",6.39
"(23, 72)",7.99
"(24, 28)",2.88
"(24, 29)",4.39
"(24, 30)",4.59
"(24, 31)",4.34
"(24, 32)",6.61
"(24, 33)",9
"(24, 34)",9.89
"(24, 35)",10.51
"(24, 36)",8.24
"(24, 37)",3.48
"(24, 38)",1.34
"(24, 39)",2.64
"(24, 40)",2.2
"(24, 41)",1.27
"(24, 42)",2.01
"(24, 43)",1.92
"(24, 44)",0.82
"(24, 45)",1.31
"(24, 46)",2.12
"(24, 47)",1.45
"(24, 48)",1.81
"(24, 49)",2.98
"(24, 50)",3.12
"(24, 51)",2.45
"(24, 52)",2
"(24, 53)",3.63
"(24, 54)",2.97
"(24, 55)",3.09
"(24, 56)",4.6
"(24, 57)",0
"(24, 58)",1.06
"(24, 59)",2.72
"(24, 60)",6.26
"(24, 61)",4.34
"(24, 62)",4.05
"(24, 63)",3.52
"(24, 64)",2.94
"(24, 65)",4.16
"(24, 66)",1.96
"(24, 67)",1.28
"(24, 68)",0.97
"(24, 69)",1.58
"(24, 70)",0.48
"(24, 71)",6.28
"(24, 72)",7.96
"(25, 28)",3.15
"(25, 29)",4.29
"(25, 30)",4.53
"(25, 31)",3.52
"(25, 32)",7.27
"(25, 33)",7.96
"(25, 34)",9.97
"(25, 35)",1.42
"(25, 36)",5.73
"(25, 37)",2.8
"(25, 38)",1.64
"(25, 39)",0.49
"(25, 40)",2.74
"(25, 41)",0.5
"(25, 42)",1.54
"(25, 43)",1.63
"(25, 44)",3.07
"(25, 45)",1.97
"(25, 46)",1.4
"(25, 47)",0.16
"(25, 48)",2.52
"(25, 49)",2.11
"(25, 50)",2.42
"(25, 51)",3.38
"(25, 52)",3.24
"(25, 53)",3.05
"(25, 54)",4.83
"(25, 55)",4.84
"(25, 56)",1.06
"(25, 57)",1.59
"(25, 58)",0.87
"(25, 59)",2.39
"(25, 60)",10.28
"(25, 61)",4.19
"(25, 62)",4.63
"(25, 63)",3.85
"(25, 64)",2.58
"(25, 65)",2.57
"(25, 66)",1.72
"(25, 67)",1.09
"(25, 68)",1.41
"(25, 69)",1.81
"(25, 70)",1.54
"(25, 71)",4.62
"(25, 72)",8.1
"(26, 28)",3.26
"(26, 29)",4.6
"(26, 30)",3.89
"(26, 31)",4.68
"(26, 32)",8.93
"(26, 33)",8.55
"(26, 34)",6.02
"(26, 35)",1.53
"(26, 36)",2.87
"(26, 37)",4.21
"(26, 38)",2.02
"(26, 39)",1.24
"(26, 40)",4.3
"(26, 41)",1.03
"(26, 42)",2.01
"(26, 43)",1.91
"(26, 44)",2.89
"(26, 45)",0.81
"(26, 46)",1.34
"(26, 47)",1.87
"(26, 48)",4.04
"(26, 49)",2.41
"(26, 50)",3.31
"(26, 51)",3.34
"(26, 52)",3.25
"(26, 53)",2.78
"(26, 54)",4.38
"(26, 55)",4.15
"(26, 56)",2.77
"(26, 57)",1.75
"(26, 58)",0.89
"(26, 59)",1.8
"(26, 60)",10.56
"(26, 61)",4.37
"(26, 62)",4.34
"(26, 63)",4.65
"(26, 64)",2.4
"(26, 65)",2.47
"(26, 66)",1.77
"(26, 67)",0.93
"(26, 68)",1.22
"(26, 69)",1.36
"(26, 70)",1.5
"(26, 71)",6.69
"(26, 72)",8.16
"(27, 28)",3.67
"(27, 29)",5.14
"(27, 30)",3.83
"(27, 31)",4.91
"(27, 32)",8.18
"(27, 33)",6.93
"(27, 34)",2.81
"(27, 35)",6.24
"(27, 36)",4.75
"(27, 37)",3.13
"(27, 38)",1.31
"(27, 39)",1.68
"(27, 40)",1.14
"(27, 41)",0.7
"(27, 42)",2.52
"(27, 43)",1.97
"(27, 44)",3.15
"(27, 45)",1.39
"(27, 46)",2.83
"(27, 47)",1.21
"(27, 48)",1.44
"(27, 49)",2
"(27, 50)",3.85
"(27, 51)",2.73
"(27, 52)",3.05
"(27, 53)",5.54
"(27, 54)",4.6
"(27, 55)",2.97
"(27, 56)",2.03
"(27, 57)",1.8
"(27, 58)",1.4
"(27, 59)",1.64
"(27, 60)",9.61
"(27, 61)",5.14
"(27, 62)",4.63
"(27, 63)",4.13
"(27, 64)",2.55
"(27, 65)",2.28
"(27, 66)",1.69
"(27, 67)",1.13
"(27, 68)",1.44
"(27, 69)",1.62
"(27, 70)",2.14
"(27, 71)",6.37
"(27, 72)",8.35
"(28, 28)",4.35
"(28, 29)",3.96
"(28, 30)",2.86
"(28, 31)",3.85
"(28, 32)",6.61
"(28, 33)",5.05
"(28, 34)",3.9
"(28, 35)",4.96
"(28, 36)",5.02
"(28, 37)",2.62
"(28, 38)",0.54
"(28, 39)",2.52
"(28, 40)",1.59
"(28, 41)",1.03
"(28, 42)",1.35
"(28, 43)",4.66
"(28, 44)",2.59
"(28, 45)",2.34
"(28, 46)",1.25
"(28, 47)",1.3
"(28, 48)",0.29
"(28, 49)",2.46
"(28, 50)",3.29
"(28, 51)",3.67
"(28, 52)",3.36
"(28, 53)",4.43
"(28, 54)",4
"(28, 55)",2.93
"(28, 56)",1.94
"(28, 57)",1.94
"(28, 58)",1.89
"(28, 59)",1.49
"(28, 60)",6.91
"(28, 61)",5.66
"(28, 62)",4.58
"(28, 63)",3.6
"(28, 64)",2.83
"(28, 65)",1.64
"(28, 66)",1.05
"(28, 67)",0.49
"(28, 68)",1.04
"(28, 69)",1.92
"(28, 70)",1.8
"(28, 71)",5.14
"(28, 72)",8.47
"(29, 28)",3.88
"(29, 29)",3.58
"(29, 30)",2.13
"(29, 31)",5.22
"(29, 32)",6.3
"(29, 33)",4.9
"(29, 34)",5.12
"(29, 35)",6.71
"(29, 36)",4.68
"(29, 37)",1.79
"(29, 38)",2.24
"(29, 39)",1.9
"(29, 40)",0.86
"(29, 41)",3.6
"(29, 42)",3.61
"(29, 43)",5.42
"(29, 44)",5.24
"(29, 45)",2.37
"(29, 46)",2.82
"(29, 47)",3.6
"(29, 48)",2.01
"(29, 49)",3.59
"(29, 50)",4.28
"(29, 51)",4.42
"(29, 52)",3.53
"(29, 53)",3.82
"(29, 54)",3.07
"(29, 55)",2.83
"(29, 56)",1.69
"(29, 57)",1.77
"(29, 58)",1.29
"(29, 59)",1.86
"(29, 60)",6.56
"(29, 61)",4.46
"(29, 62)",6.69
"(29, 63)",4.87
"(29, 64)",2.41
"(29, 65)",2.46
"(29, 66)",1.54
"(29, 67)",0.35
"(29, 68)",1.26
"(29, 69)",1.68
"(29, 70)",3.6
"(29, 71)",5.66
"(29, 72)",8.59
"(30, 28)",3.95
"(30, 29)",3.11
"(30, 30)",2.5
"(30, 31)",2.85
"(30, 32)",6.5
"(30, 33)",6.42
"(30, 34)",6.07
"(30, 35)",5.19
"(30, 36)",4.62
"(30, 37)",1.43
"(30, 38)",1.03
"(30, 39)",1.44
"(30, 40)",0.76
"(30, 41)",2.11
"(30, 42)",3.51
"(30, 43)",3.5
"(30, 44)",3.57
"(30, 45)",5.05
"(30, 46)",3.71
"(30, 47)",3.11
"(30, 48)",3.69
"(30, 49)",3.06
"(30, 50)",3.52
"(30, 51)",3.54
"(30, 52)",2.56
"(30, 53)",4.21
"(30, 54)",3.52
"(30, 55)",2.07
"(30, 56)",1.7
"(30, 57)",2.14
"(30, 58)",1.13
"(30, 59)",0.64
"(30, 60)",4.38
"(30, 61)",5.1
"(30, 62)",4.95
"(30, 63)",4.63
"(30, 64)",2.85
"(30, 65)",1.62
"(30, 66)",1.53
"(30, 67)",1.79
"(30, 68)",1.49
"(30, 69)",2.56
"(30, 70)",5.14
"(30, 71)",7.61
"(30, 72)",8.65
"(31, 28)",3.88
"(31, 29)",3.03
"(31, 30)",2.94
"(31, 31)",2.64
"(31, 32)",6.3
"(31, 33)",6.58
"(31, 34)",6.49
"(31, 35)",5.48
"(31, 36)",4.87
"(31, 37)",1.73
"(31, 38)",0.76
"(31, 39)",1.8
"(31, 40)",1.91
"(31, 41)",2.72
"(31, 42)",5.3
"(31, 43)",3.75
"(31, 44)",5.17
"(31, 45)",5.42
"(31, 46)",4.17
"(31, 47)",3.45
"(31, 48)",4.81
"(31, 49)",4.45
"(31, 50)",4.22
"(31, 51)",3.35
"(31, 52)",2.91
"(31, 53)",3.1
"(31, 54)",3.12
"(31, 55)",2.6
"(31, 56)",1.19
"(31, 57)",1.57
"(31, 58)",1.91
"(31, 59)",0.32
"(31, 60)",3.63
"(31, 61)",10.38
"(31, 62)",4.84
"(31, 63)",4.61
"(31, 64)",2.57
"(31, 65)",1.2
"(31, 66)",2.02
"(31, 67)",1.88
"(31, 68)",0.68
"(31, 69)",1.83
"(31, 70)",6.76
"(31, 71)",7.72
"(31, 72)",8.58
"(32, 28)",4.1
"(32, 29)",2.94
"(32, 30)",3.48
"(32, 31)",2.47
"(32, 32)",6.51
"(32, 33)",6.48
"(32, 34)",6.26
"(32, 35)",5.23
"(32, 36)",4.46
"(32, 37)",0.51
"(32, 38)",2.17
"(32, 39)",4.74
"(32, 40)",5.49
"(32, 41)",1.44
"(32, 42)",7.05
"(32, 43)",7.09
"(32, 44)",6.2
"(32, 45)",5.61
"(32, 46)",3.64
"(32, 47)",1.37
"(32, 48)",1.4
"(32, 49)",3.2
"(32, 50)",3.9
"(32, 51)",3.29
"(32, 52)",2.97
"(32, 53)",3.4
"(32, 54)",2.66
"(32, 55)",1.38
"(32, 56)",1.63
"(32, 57)",2.08
"(32, 58)",1.75
"(32, 59)",0.74
"(32, 60)",2.2
"(32, 61)",8.14
"(32, 62)",5.33
"(32, 63)",4.57
"(32, 64)",1.6
"(32, 65)",1.84
"(32, 66)",1.69
"(32, 67)",1.95
"(32, 68)",0.44
"(32, 69)",2.02
"(32, 70)",5.93
"(32, 71)",7.62
"(32, 72)",8.51
"(33, 28)",2.25
"(33, 29)",2.65
"(33, 30)",4.09
"(33, 31)",2.83
"(33, 32)",4.54
"(33, 33)",5.65
"(33, 34)",7.21
"(33, 35)",0.56
"(33, 36)",7.23
"(33, 37)",1.26
"(33, 38)",3.37
"(33, 39)",2.73
"(33, 40)",1.03
"(33, 41)",2.74
"(33, 42)",6.03
"(33, 43)",7.44
"(33, 44)",6.92
"(33, 45)",8.37
"(33, 46)",6.44
"(33, 47)",5.16
"(33, 48)",2.8
"(33, 49)",2.55
"(33, 50)",2.74
"(33, 51)",2.59
"(33, 52)",2.76
"(33, 53)",3.03
"(33, 54)",2.27
"(33, 55)",1.85
"(33, 56)",1.6
"(33, 57)",2.16
"(33, 58)",1.03
"(33, 59)",0.72
"(33, 60)",2.39
"(33, 61)",4.61
"(33, 62)",4.84
"(33, 63)",4.43
"(33, 64)",2.18
"(33, 65)",1.67
"(33, 66)",1.84
"(33, 67)",2.34
"(33, 68)",1.35
"(33, 69)",2.02
"(33, 70)",5.92
"(33, 71)",7.39
"(33, 72)",8.39
"(34, 28)",2.46
"(34, 29)",2.66
"(34, 30)",1.22
"(34, 31)",2.2
"(34, 32)",3.12
"(34, 33)",5.84
"(34, 34)",6.52
"(34, 35)",1.34
"(34, 36)",9.24
"(34, 37)",2.58
"(34, 38)",0.26
"(34, 39)",2.94
"(34, 40)",2.28
"(34, 41)",1
"(34, 42)",4.5
"(34, 43)",10.22
"(34, 44)",7.28
"(34, 45)",5.44
"(34, 46)",3.71
"(34, 47)",3.33
"(34, 48)",2.78
"(34, 49)",3.62
"(34, 50)",2.72
"(34, 51)",3.02
"(34, 52)",2.34
"(34, 53)",3.14
"(34, 54)",2.15
"(34, 55)",2.67
"(34, 56)",2.6
"(34, 57)",2.5
"(34, 58)",2.14
"(34, 59)",2.15
"(34, 60)",1.05
"(34, 61)",4.35
"(34, 62)",4
"(34, 63)",4.06
"(34, 64)",2.46
"(34, 65)",2.2
"(34, 66)",1.88
"(34, 67)",1.31
"(34, 68)",1.92
"(34, 69)",1.88
"(34, 70)",6.05
"(34, 71)",7.25
"(34, 72)",8.23
"(35, 28)",10.12
"(35, 29)",2.75
"(35, 30)",1.48
"(35, 31)",4.36
"(35, 32)",1.54
"(35, 33)",2.78
"(35, 34)",5.16
"(35, 35)",7.41
"(35, 36)",4.95
"(35, 37)",1.52
"(35, 38)",1.77
"(35, 39)",3.08
"(35, 40)",3.34
"(35, 41)",2.11
"(35, 42)",5.17
"(35, 43)",9.55
"(35, 44)",9.38
"(35, 45)",2.45
"(35, 46)",3.29
"(35, 47)",2.93
"(35, 48)",2.53
"(35, 49)",2.5
"(35, 50)",2.35
"(35, 51)",1.91
"(35, 52)",2.5
"(35, 53)",2.91
"(35, 54)",2.21
"(35, 55)",1.64
"(35, 56)",2.21
"(35, 57)",1.83
"(35, 58)",2.03
"(35, 59)",2.06
"(35, 60)",1.12
"(35, 61)",3.23
"(35, 62)",8.59
"(35, 63)",4.17
"(35, 64)",2.07
"(35, 65)",2.51
"(35, 66)",3.41
"(35, 67)",1.4
"(35, 68)",4.32
"(35, 69)",4.03
"(35, 70)",7.37
"(35, 71)",6.98
"(35, 72)",8
"(36, 28)",5.52
"(36, 29)",3.92
"(36, 30)",4.03
"(36, 31)",2.63
"(36, 32)",2.06
"(36, 33)",6.74
"(36, 34)",2.57
"(36, 35)",1.06
"(36, 36)",2.83
"(36, 37)",1.2
"(36, 38)",2.06
"(36, 39)",1.74
"(36, 40)",1.64
"(36, 41)",2.14
"(36, 42)",8.77
"(36, 43)",7.37
"(36, 44)",7.77
"(36, 45)",5.47
"(36, 46)",3.28
"(36, 47)",2.4
"(36, 48)",1.79
"(36, 49)",1.9
"(36, 50)",3.62
"(36, 51)",2.05
"(36, 52)",2.08
"(36, 53)",1.62
"(36, 54)",1.42
"(36, 55)",2.3
"(36, 56)",0.48
"(36, 57)",1.28
"(36, 58)",1.57
"(36, 59)",1.48
"(36, 60)",1.28
"(36, 61)",2.48
"(36, 62)",4.95
"(36, 63)",4.17
"(36, 64)",1.58
"(36, 65)",2.3
"(36, 66)",2.92
"(36, 67)",1.01
"(36, 68)",5.07
"(36, 69)",2.31
"(36, 70)",7.02
"(36, 71)",6.71
"(36, 72)",7.23
"(37, 28)",4.52
"(37, 29)",4.7
"(37, 30)",4.7
"(37, 31)",5.79
"(37, 32)",8.51
"(37, 33)",12.03
"(37, 34)",1.34
"(37, 35)",4.56
"(37, 36)",5.46
"(37, 37)",2.03
"(37, 38)",0.46
"(37, 39)",1.16
"(37, 40)",1.64
"(37, 41)",1.88
"(37, 42)",8.57
"(37, 43)",7.36
"(37, 44)",7.79
"(37, 45)",6.6
"(37, 46)",7.05
"(37, 47)",3.32
"(37, 48)",4.32
"(37, 49)",3.41
"(37, 50)",3.62
"(37, 51)",2.68
"(37, 52)",2.51
"(37, 53)",2.44
"(37, 54)",3.44
"(37, 55)",3.06
"(37, 56)",3.02
"(37, 57)",1.67
"(37, 58)",1.6
"(37, 59)",1.31
"(37, 60)",1.45
"(37, 61)",1.76
"(37, 62)",4.99
"(37, 63)",4.13
"(37, 64)",3.99
"(37, 65)",0.77
"(37, 66)",2.85
"(37, 67)",0.96
"(37, 68)",5.69
"(37, 69)",4
"(37, 70)",6.71
"(37, 71)",6.9
"(37, 72)",7.11
"(38, 28)",3.94
"(38, 29)",5.74
"(38, 30)",6.77
"(38, 31)",7.48
"(38, 32)",6.37
"(38, 33)",4.13
"(38, 34)",9.23
"(38, 35)",5.85
"(38, 36)",5.56
"(38, 37)",2.39
"(38, 38)",1.89
"(38, 39)",1.4
"(38, 40)",1.85
"(38, 41)",5.83
"(38, 42)",6.83
"(38, 43)",6.59
"(38, 44)",6.47
"(38, 45)",4.86
"(38, 46)",5.16
"(38, 47)",4.02
"(38, 48)",3.04
"(38, 49)",4.16
"(38, 50)",2.59
"(38, 51)",3.48
"(38, 52)",3.93
"(38, 53)",3.75
"(38, 54)",4.54
"(38, 55)",4.4
"(38, 56)",0.45
"(38, 57)",3.2
"(38, 58)",0.4
"(38, 59)",1.49
"(38, 60)",1.89
"(38, 61)",2.15
"(38, 62)",4.76
"(38, 63)",3.88
"(38, 64)",3
"(38, 65)",1.94
"(38, 66)",2.13
"(38, 67)",1.07
"(38, 68)",5.73
"(38, 69)",5.4
"(38, 70)",7.48
"(38, 71)",7.15
"(38, 72)",7.19
"(39, 28)",3.82
"(39, 29)",4.83
"(39, 30)",6.92
"(39, 31)",8.75
"(39, 32)",4.7
"(39, 33)",5.71
"(39, 34)",6.57
"(39, 35)",8.5
"(39, 36)",2.62
"(39, 37)",1.34
"(39, 38)",1.68
"(39, 39)",1.6
"(39, 40)",1.63
"(39, 41)",4.9
"(39, 42)",5.87
"(39, 43)",6.33
"(39, 44)",1.92
"(39, 45)",4
"(39, 46)",2.79
"(39, 47)",2
"(39, 48)",2.85
"(39, 49)",3.5
"(39, 50)",2.19
"(39, 51)",2.14
"(39, 52)",3.06
"(39, 53)",4.84
"(39, 54)",6.05
"(39, 55)",5.75
"(39, 56)",3.73
"(39, 57)",1.31
"(39, 58)",1.64
"(39, 59)",1.17
"(39, 60)",1.99
"(39, 61)",2.26
"(39, 62)",4.66
"(39, 63)",3.15
"(39, 64)",2.27
"(39, 65)",2.13
"(39, 66)",2.41
"(39, 67)",1.93
"(39, 68)",4.89
"(39, 69)",5.4
"(39, 70)",7.73
"(39, 71)",7.39
"(39, 72)",7.69
